keyword,search_intent,cluster,priority,suggested_page
"Luxury interior designers in Bangalore",Commercial/Transactional,LUXURY,High,interior-designers-bangalore.html
"Best interior designers in Bangalore",Commercial/Transactional,LOCAL,High,interior-designers-bangalore.html
"Top interior designers Bangalore",Commercial/Transactional,LOCAL,High,interior-designers-bangalore.html
"Interior designers Bangalore near me",Local/Discovery,LOCAL,High,interior-designers-bangalore.html
"Interior designers in Bangalore reviews",Research/Consideration,E-E-A-T,High,about.html
"Luxury home interior designers Bangalore",Commercial/Luxury,LUXURY,High,services.html
"Modular kitchen designers in Bangalore",Commercial/Transactional,MODULAR KITCHENS,High,services.html#modular-kitchens
"Modular kitchen design Bangalore cost",Commercial/Transactional,MODULAR KITCHENS,High,blog.html
"Modular kitchen installation Bangalore",Commercial/Transactional,MODULAR KITCHENS,High,services.html#modular-kitchens
"Best modular kitchen designers Bangalore",Commercial/Transactional,MODULAR KITCHENS,High,services.html#modular-kitchens
"Office interior designers in Bangalore",Commercial/Transactional,OFFICE,High,services.html
"Commercial interior design Bangalore",Commercial/Transactional,OFFICE,High,services.html
"Affordable interior designers Bangalore",Commercial/Transactional,BUDGET,High,services.html
"Budget interior designers Bangalore",Commercial/Transactional,BUDGET,High,services.html
"Interior designers Bangalore price list",Research/Consideration,BUDGET,Medium,blog.html
"Interior design firms in Bangalore",Commercial/Transactional,LOCAL,High,interior-designers-bangalore.html
"Home interior designers Bangalore portfolio",Research/Consideration,LOCAL,High,portfolio.html
"Residential interior designers Bangalore",Commercial/Transactional,RESIDENTIAL,High,services.html
"Interior design consultancy Bangalore",Commercial/Transactional,CONSULTANCY,High,services.html
"Interior designers Bangalore phone number",Navigational,LOCAL,Medium,contact.html
"Interior design companies Bangalore list",Research/Consideration,LOCAL,High,blog.html
"Top rated interior designers Bangalore 2025",Commercial/Transactional,E-E-A-T,High,blog.html
"Best luxury interior designers in Bangalore for apartments",Commercial/Transactional,LUXURY,Medium,post.html
"Interior designers for villas Bangalore",Commercial/Transactional,RESIDENTIAL,Medium,services.html
"Small apartment interior designers Bangalore",Commercial/Transactional,RESIDENTIAL,Medium,services.html
"Indian style interior designers Bangalore",Commercial/Transactional,STYLE,Medium,blog.html
"Modern interior designers Bangalore",Commercial/Transactional,STYLE,Medium,services.html
"Minimalist interior designers Bangalore",Commercial/Transactional,STYLE,Medium,blog.html
"Interior designers Bangalore cost per sq ft",Research/Consideration,BUDGET,Medium,blog.html
"Modular kitchen designers near me Bangalore",Local/Discovery,MODULAR KITCHENS,High,services.html#modular-kitchens
"Luxury kitchen designers Bangalore",Commercial/Transactional,LUXURY,High,services.html#modular-kitchens
"Office interior design firms Bangalore near me",Local/Discovery,OFFICE,Medium,services.html
"Corporate office interior designers Bangalore",Commercial/Transactional,OFFICE,Medium,services.html
"Commercial fit out contractors Bangalore",Commercial/Transactional,OFFICE,Medium,services.html
"Interior designers Bangalore Google reviews",Research/Consideration,E-E-A-T,High,about.html
"Interior designers Bangalore Instagram portfolio",Research/Consideration,LOCAL,Medium,portfolio.html
"Best residential interior designers in Bangalore 2025",Commercial/Transactional,LOCAL,High,blog.html
"Top interior design studios Bangalore",Commercial/Transactional,LOCAL,High,about.html
"Home renovation interior designers Bangalore",Commercial/Transactional,RENOVATION,Medium,services.html
"Luxury office interior designers Bangalore",Commercial/Transactional,OFFICE,Medium,services.html
"Custom furniture makers Bangalore interiors",Commercial/Transactional,CUSTOM FURNITURE,Medium,services.html
"Interior design consultation Bangalore charges",Research/Consideration,BUDGET,Medium,contact.html
"Modular kitchen designs Bangalore ideas",Informational,MODULAR KITCHENS,High,blog.html
"Interior design estimate Bangalore free",Transactional,LOCAL,High,contact.html
"Hire interior designer Bangalore",Transactional,LOCAL,High,contact.html
"Interior design case study Bangalore projects",Research/Consideration,CONTENT,High,portfolio.html
"Interior designers Bangalore awards",Research/Consideration,E-E-A-T,Medium,about.html
"Sustainable interior designers Bangalore eco-friendly",Informational,STYLE,Medium,blog.html
"Modular kitchen maintenance Bangalore after service",Informational,MODULAR KITCHENS,Medium,blog.html
"Interior designer consultation near me Bangalore",Local/Discovery,LOCAL,High,contact.html
"Top rated modular kitchen companies Bangalore",Commercial/Transactional,MODULAR KITCHENS,High,blog.html
"Interior designers Bangalore for office refurbishment",Commercial/Transactional,OFFICE,Medium,services.html
"Affordable modular kitchen designers Bangalore",Commercial/Transactional,BUDGET,High,services.html#modular-kitchens
"High end interior designers Bangalore villas",Commercial/Transactional,LUXURY,Medium,about.html
"Interior designers Bangalore testimonials and reviews",Research/Consideration,E-E-A-T,High,about.html
"Interior design companies Bangalore contact" ,Navigational,LOCAL,Medium,contact.html
"Interior designers Bangalore comparison" ,Research,LOCAL,Medium,blog.html
"Interior designer near me Bangalore 24/7" ,Local/Transactional,LOCAL,Low,contact.html
"Interior design firm Bangalore best for apartments" ,Commercial,LOCAL,Medium,services.html
"Best kitchens designers Bangalore turnkey" ,Commercial,MODULAR KITCHENS,Medium,services.html#modular-kitchens
"Interior designers Bangalore with showroom" ,Research/Consideration,LOCAL,Medium,about.html
"Top office fit out companies Bangalore" ,Commercial/Transactional,OFFICE,Medium,services.html
"Interior designers Bangalore price range 1BHK 2BHK 3BHK" ,Research/Consideration,BUDGET,High,blog.html
