keyword,suggested_page,found_in_page,found_in_section,count
Luxury interior designers in Bangalore,interior-designers-bangalore.html,yes,no,2
Best interior designers in Bangalore,interior-designers-bangalore.html,yes,no,4
Top interior designers Bangalore,interior-designers-bangalore.html,yes,no,1
Interior designers Bangalore near me,interior-designers-bangalore.html,yes,no,1
Interior designers in Bangalore reviews,about.html,yes,no,1
Luxury home interior designers Bangalore,services.html,yes,no,1
Modular kitchen designers in Bangalore,services.html#modular-kitchens,yes,yes,3
Modular kitchen design Bangalore cost,blog.html,yes,no,1
Modular kitchen installation Bangalore,services.html#modular-kitchens,no,no,0
Best modular kitchen designers Bangalore,services.html#modular-kitchens,yes,yes,1
Office interior designers in Bangalore,services.html,no,no,0
Commercial interior design Bangalore,services.html,no,no,0
Affordable interior designers Bangalore,services.html,yes,no,1
Budget interior designers Bangalore,services.html,no,no,0
Interior designers Bangalore price list,blog.html,no,no,0
Interior design firms in Bangalore,interior-designers-bangalore.html,no,no,0
Home interior designers Bangalore portfolio,portfolio.html,no,no,0
Residential interior designers Bangalore,services.html,no,no,0
Interior design consultancy Bangalore,services.html,no,no,0
Interior designers Bangalore phone number,contact.html,no,no,0
Interior design companies Bangalore list,blog.html,no,no,0
Top rated interior designers Bangalore 2025,blog.html,no,no,0
Best luxury interior designers in Bangalore for apartments,post.html,no,no,0
Interior designers for villas Bangalore,services.html,no,no,0
Small apartment interior designers Bangalore,services.html,no,no,0
Indian style interior designers Bangalore,blog.html,no,no,0
Modern interior designers Bangalore,services.html,no,no,0
Minimalist interior designers Bangalore,blog.html,no,no,0
Interior designers Bangalore cost per sq ft,blog.html,no,no,0
Modular kitchen designers near me Bangalore,services.html#modular-kitchens,no,no,0
Luxury kitchen designers Bangalore,services.html#modular-kitchens,no,no,0
Office interior design firms Bangalore near me,services.html,no,no,0
Corporate office interior designers Bangalore,services.html,no,no,0
Commercial fit out contractors Bangalore,services.html,no,no,0
Interior designers Bangalore Google reviews,about.html,no,no,0
Interior designers Bangalore Instagram portfolio,portfolio.html,no,no,0
Best residential interior designers in Bangalore 2025,blog.html,no,no,0
Top interior design studios Bangalore,about.html,no,no,0
Home renovation interior designers Bangalore,services.html,no,no,0
Luxury office interior designers Bangalore,services.html,no,no,0
Custom furniture makers Bangalore interiors,services.html,no,no,0
Interior design consultation Bangalore charges,contact.html,no,no,0
Modular kitchen designs Bangalore ideas,blog.html,no,no,0
Interior design estimate Bangalore free,contact.html,no,no,0
Hire interior designer Bangalore,contact.html,no,no,0
Interior design case study Bangalore projects,portfolio.html,no,no,0
Interior designers Bangalore awards,about.html,no,no,0
Sustainable interior designers Bangalore eco-friendly,blog.html,no,no,0
Modular kitchen maintenance Bangalore after service,blog.html,no,no,0
Interior designer consultation near me Bangalore,contact.html,no,no,0
Top rated modular kitchen companies Bangalore,blog.html,no,no,0
Interior designers Bangalore for office refurbishment,services.html,no,no,0
Affordable modular kitchen designers Bangalore,services.html#modular-kitchens,no,no,0
High end interior designers Bangalore villas,about.html,no,no,0
Interior designers Bangalore testimonials and reviews,about.html,no,no,0
Interior design companies Bangalore contact,contact.html,no,no,0
Interior designers Bangalore comparison,blog.html,no,no,0
Interior designer near me Bangalore 24/7,contact.html,no,no,0
Interior design firm Bangalore best for apartments,services.html,no,no,0
Best kitchens designers Bangalore turnkey,services.html#modular-kitchens,no,no,0
Interior designers Bangalore with showroom,about.html,no,no,0
Top office fit out companies Bangalore,services.html,no,no,0
Interior designers Bangalore price range 1BHK 2BHK 3BHK,blog.html,no,no,0
